patient,n_smoothed,mean,std,min,q05,q25,median,q75,q95,max,iqr,range_90,skew,kurtosis_excess,h1_all_positive,h1_n_nonpositive,h1_n_above_300,h2_bimodality_coeff,h2_bimodal_bc,h2_gmm_delta_bic,h2_gmm_bimodal,h2_gmm_means,h2_mode_gap_ms,h2_gmm_weights,h3_spectral_slope,h3_slope_r2,h3_log_intercept,h3_pct_power_circadian,h3_pct_power_semidiurnal,h3_dominant_period_hours,h5_pct_power_circadian,h4_adf_pvalue,h4_adf_stationary,h4_rolling_std_cv,h6_n_within_diffs,h6_sigma_x_mad,h6_diff_std,h6_diff_kurt,h6_diff_skew,h6_diff_shapiro_p,h6_diff_near_normal,h7_median_step_min,h7_std_step_min,h7_pct_10min_steps,h8_n_total_rows,h8_smoothed_nan_pct,h8_raw_nan_pct,acf_lag1,acf_lag6,acf_1day,acf_2day,h9_online_required
0010,24464,96.44784939212126,33.50975196772209,-31.734080311421376,35.295041469514075,75.56121226227073,103.4082582547482,119.03739002295058,138.14643355078675,206.86980515268377,43.476177760679846,102.85139208127268,-0.4611509828412482,0.6286004189092353,False,154,0,0.18293347678710398,False,1481.0999466420617,True,"[60.903236368686706, 112.35811375686244]",51.45487738817573,"[0.3092080901235973, 0.6907919098764027]",-2.302907143932496,0.9491798561997924,-2.2772563005534643,46.284821653028615,17.91960455525725,23.999999999999996,46.284821653028615,4.454238573421217e-25,True,0.3218004671088122,23465,0.9085401881194881,1.421022304371048,-0.060375823219046776,-0.015044581234445398,1.1718753045871714e-14,False,10.0,9.426675872071343,95.7445938764665,24464,0.0,48.57750163505559,0.9980736073825666,0.9601696150367944,0.6956075990422351,0.41976868631549,True
